type,nr_epochs,iou_score,f1_score,f2_score,accuracy,recall
Normal,1,0.30973464250564575,0.4729730784893036,0.6916983127593994,0.30978018045425415,0.9999943375587463
