nr_epochs,iou_score,f1_score,f2_score,accuracy,recall
0,0.6835628747940063,0.8120431900024414,0.883544385433197,0.8948361873626709,0.9385815858840942
1,0.3367640972137451,0.5038496851921082,0.7056288719177246,0.4128246009349823,0.9728333353996277
0,0.009647389873862267,0.019110415130853653,0.02470160648226738,0.2423681616783142,0.030452705919742584
1,0.3472599983215332,0.5155055522918701,0.7085334062576294,0.4529484212398529,0.9564251899719238
